{
    "accuracy": 0.5736576411197797,
    "precision": 0.6692506459948321,
    "recall": 0.24433962264150944,
    "auc": 0.5814094457652554
}
