{
    "accuracy": 0.5810004589261129,
    "precision": 0.7474747474747475,
    "recall": 0.20943396226415095,
    "auc": 0.6098807897887264
}
