{
    "accuracy": 0.5066544286369894,
    "precision": 0.4964063248682319,
    "recall": 0.9773584905660377,
    "auc": 0.5755909926315612
}
